ID,Name,Age,Salary,Joining_Date
1,Person_1,56,38392,2020-01-01
2,Person_2,46,60535,2020-01-02
3,Person_3,32,82256,2020-01-03
4,Person_4,25,65222,2020-01-04
5,Person_5,38,93335,2020-01-05
6,Person_6,56,40965,2020-01-06
7,Person_7,36,54538,2020-01-07
8,Person_8,40,38110,2020-01-08
9,Person_9,28,57266,2020-01-09
10,Person_10,28,82992,2020-01-10
11,Person_11,41,36910,2020-01-11
12,Person_12,53,30206,2020-01-12
13,Person_13,57,53419,2020-01-13
14,Person_14,41,80636,2020-01-14
15,Person_15,20,80015,2020-01-15
16,Person_16,39,84268,2020-01-16
17,Person_17,19,48141,2020-01-17
18,Person_18,41,86044,2020-01-18
19,Person_19,47,97214,2020-01-19
20,Person_20,55,63827,2020-01-20
21,Person_21,19,85820,2020-01-21
22,Person_22,38,92623,2020-01-22
23,Person_23,50,52299,2020-01-23
24,Person_24,29,73585,2020-01-24
25,Person_25,39,94044,2020-01-25
26,Person_26,42,72557,2020-01-26
27,Person_27,44,79080,2020-01-27
28,Person_28,59,32693,2020-01-28
29,Person_29,45,99163,2020-01-29
30,Person_30,33,55939,2020-01-30
31,Person_31,32,78925,2020-01-31
32,Person_32,20,72941,2020-02-01
33,Person_33,54,51834,2020-02-02
34,Person_34,24,48047,2020-02-03
35,Person_35,38,56105,2020-02-04
36,Person_36,26,45707,2020-02-05
37,Person_37,56,51976,2020-02-06
38,Person_38,35,74262,2020-02-07
39,Person_39,21,53776,2020-02-08
40,Person_40,42,60080,2020-02-09
41,Person_41,31,96842,2020-02-10
42,Person_42,26,91373,2020-02-11
43,Person_43,43,36776,2020-02-12
44,Person_44,19,85016,2020-02-13
45,Person_45,37,39474,2020-02-14
46,Person_46,45,88053,2020-02-15
47,Person_47,24,51959,2020-02-16
48,Person_48,25,35530,2020-02-17
49,Person_49,52,33748,2020-02-18
50,Person_50,31,43545,2020-02-19
51,Person_51,34,96199,2020-02-20
52,Person_52,53,64766,2020-02-21
53,Person_53,57,91087,2020-02-22
54,Person_54,21,98840,2020-02-23
55,Person_55,19,84384,2020-02-24
56,Person_56,23,81005,2020-02-25
57,Person_57,59,76576,2020-02-26
58,Person_58,21,69353,2020-02-27
59,Person_59,46,92003,2020-02-28
60,Person_60,35,82733,2020-02-29
61,Person_61,43,95318,2020-03-01
62,Person_62,51,53664,2020-03-02
63,Person_63,27,97172,2020-03-03
64,Person_64,53,56736,2020-03-04
65,Person_65,31,30854,2020-03-05
66,Person_66,48,68623,2020-03-06
67,Person_67,32,37392,2020-03-07
68,Person_68,25,85680,2020-03-08
69,Person_69,31,76717,2020-03-09
70,Person_70,40,80859,2020-03-10
71,Person_71,57,56309,2020-03-11
72,Person_72,38,93734,2020-03-12
73,Person_73,33,82662,2020-03-13
74,Person_74,35,42688,2020-03-14
75,Person_75,41,55342,2020-03-15
76,Person_76,43,67157,2020-03-16
77,Person_77,42,97863,2020-03-17
78,Person_78,58,82083,2020-03-18
79,Person_79,46,95733,2020-03-19
80,Person_80,32,64698,2020-03-20
81,Person_81,18,52671,2020-03-21
82,Person_82,42,55184,2020-03-22
83,Person_83,24,72107,2020-03-23
84,Person_84,26,81663,2020-03-24
85,Person_85,41,45708,2020-03-25
86,Person_86,18,79811,2020-03-26
87,Person_87,25,32811,2020-03-27
88,Person_88,41,86250,2020-03-28
89,Person_89,28,64754,2020-03-29
90,Person_90,34,41411,2020-03-30
91,Person_91,25,32911,2020-03-31
92,Person_92,52,97270,2020-04-01
93,Person_93,52,38680,2020-04-02
94,Person_94,50,41111,2020-04-03
95,Person_95,22,67504,2020-04-04
96,Person_96,59,31802,2020-04-05
97,Person_97,56,38155,2020-04-06
98,Person_98,58,69384,2020-04-07
99,Person_99,45,77254,2020-04-08
100,Person_100,24,51918,2020-04-09
